@odata.etag,ItemInternalId,ID,Category,Vertical,Products,Problem / Use Case Title,Buying Trigger,Customer Challenge,How Keysight Solves It,Technical Capabilities,Business Outcome
,aa043481-788b-43fc-a1aa-073b5daf89cf,101,Core,Federal,"IxNetwork, AresONE",Federal data center modernization — 400G/800G infrastructure validation,"Data center upgrade, backbone refresh, FedRAMP cloud migration","Government agencies upgrading to 400G/800G must validate routing scale, latency, and failover. Failures can impact mission-critical operations and delay program timelines.",IxNetwork and AresONE emulate large-scale routing tables and high-density traffic to validate network performance before deployment.,"400G/800G traffic generation, BGP/OSPF scale testing, Latency benchmarking, Failover validation",Reduced deployment risk and on-schedule infrastructure modernization for federal programs.
,6837d9c1-d6ac-4ad6-a5d3-c2ae7630c7fa,102,Core,Federal,"BreakingPoint, CyPerf",Zero Trust Architecture (ZTA) performance and policy validation,"CISA Zero Trust mandate, EO 14028 compliance deadline, CMMC requirement","Federal agencies deploying ZTA must ensure security controls do not degrade performance or break applications, while meeting OMB M-22-09 and DISA STIG requirements.",BreakingPoint and CyPerf simulate realistic government application traffic and attack scenarios to validate ZTA performance under operational conditions.,"ZTNA policy validation, Application traffic simulation, Performance under attack, Compliance evidence generation","ZTA deployment with validated performance, documented compliance, and reduced mission risk."
,e01fb774-cce9-4a3e-bc23-fbd451ce3260,103,Core,Federal,"KAI Data Center Builder, AresONE",AI/ML infrastructure network validation for national AI initiatives,"National AI initiative, classified AI program buildout, GPU cluster deployment",Government agencies and DoD organizations building AI infrastructure must validate GPU cluster networking before committing large-scale program budgets.,KAI Data Center Builder emulates AI collective communication patterns using AresONE 800GE appliances to validate fabric performance without deploying real GPUs.,"AI workload emulation, RDMA/RoCEv2 validation, Collective comms benchmarking, Congestion analysis",Validated AI fabric performance enabling confident program go/no-go decisions.
,319ab5b3-0bdf-490e-afd4-f15214fc66b9,104,Core,Federal,Network Emulator,Distributed agency WAN and satellite link emulation for remote operations,"Agency modernization, remote site activation, cloud application rollout",Federal agencies operating across geographically distributed sites including forward-deployed and satellite-connected locations need to validate application behavior under degraded WAN conditions.,"Network Emulator recreates SATCOM, WAN impairments, and classified circuit conditions to validate mission-critical application performance before field deployment.","SATCOM/WAN impairment modeling, Latency/jitter/loss injection, Application QoE testing, Classified circuit simulation",Mission-ready applications validated for all connectivity environments before field deployment.
,b293c4f1-c63d-40f4-9a54-3f98e3f05e96,105,Core,Federal,Threat Simulator,CMMC/NIST continuous security validation and audit readiness,"CMMC certification cycle, annual NIST CSF assessment, ATO renewal","Federal agencies and defense contractors must continuously validate security controls and demonstrate compliance with NIST CSF, CMMC, and FedRAMP requirements.","Threat Simulator safely exercises 50,000+ TTPs mapped to MITRE ATT&CK on live agency networks, generating compliance-ready reports for auditors and authorizing officials.","MITRE ATT&CK-mapped simulation, Safe live network testing, SIEM correlation, ATO evidence generation",Continuous ATO-ready compliance posture with measurably improved security control coverage.
,21ba98ee-a837-4388-8c29-498938f3ed09,106,Core,Federal,IxChariot,Collaboration and mission application performance for remote federal workforce,"Telework mandate, DEOS/Teams rollout, unified communications deployment",Federal agencies supporting distributed and remote workforces must ensure collaboration platforms deliver reliable performance across diverse connectivity scenarios.,"IxChariot emulates Teams, VTC, and classified collaboration application behavior across federal network paths, identifying performance bottlenecks before wide-scale rollout.","Collaboration app emulation, VoIP/video QoE measurement, Wi-Fi performance testing, Multi-path analysis",Confident collaboration platform rollout with validated performance for all workforce scenarios.
,672fc588-d388-46f3-9488-473fb9ef56ce,107,Core,Federal,"KAI Data Center Builder, CyPerf, BreakingPoint, IxLoad, Threat Simulator","DND large-scale network test infrastructure modernization — cyber, AI, and application validation","Infrastructure refresh, security posture improvement initiative, emerging AI workload requirements in controlled test environment","The Department of National Defence was modernizing their network test and validation infrastructure under increasing pressure to support secure, high-performance environments tied to evolving cyber and AI-driven workloads. Key gaps included the inability to realistically model real-world traffic and threat conditions, and insufficient validation of infrastructure readiness against modern application and security demands.","Keysight positioned a centralized, scalable test architecture anchored by KAI Data Center Builder, CyPerf, BreakingPoint, IxLoad, and Threat Simulator — creating a foundational test and validation layer enabling DND to continuously validate infrastructure across three workstreams: network performance validation, cybersecurity testing, and AI workload simulation, all before production deployment.","Real-world traffic and attack simulation at scale, AI workload emulation and fabric validation, Application and security performance benchmarking, Centralized multi-use-case test architecture, Continuous pre-production infrastructure validation","DND gained a scalable, centralized test platform validating network performance, cyber resilience, and AI infrastructure readiness — reducing deployment risk across modernization programs with a clear procurement and delivery roadmap."
,65bc6736-f32d-4a68-ac7a-09f3da13fe99,201,Core,Enterprise,"IxNetwork, AresONE, Novus",Data center fabric performance validation — 400G/800G migration,"Data center refresh, 400G migration, AI infrastructure buildout","Enterprise customers building modern data centers must validate fabric performance, ECMP behavior, and routing scale. Poor validation leads to production outages and latency degradation.","IxNetwork, AresONE, and Novus emulate large-scale traffic, validate ECMP fairness, measure congestion, and benchmark latency across the full switching fabric.","400G/800G traffic generation, ECMP validation, Congestion testing, Latency benchmarking, Multi-tenant simulation",Reduced deployment risk and improved data center performance predictability at scale.
,c4be69e8-f1d8-4950-adf7-3170bbd96c9b,202,Core,Enterprise,"BreakingPoint, CyPerf",NGFW and SASE security platform performance validation,"Firewall refresh, SASE rollout, zero trust transformation, security vendor selection","Enterprise security teams need to validate that NGFW, SASE, and zero trust solutions deliver contracted performance under realistic mixed traffic and attack conditions.","BreakingPoint and CyPerf simulate real-world application traffic and attack patterns simultaneously, benchmarking security platform performance under production-like conditions.","Mixed traffic and attack simulation, TLS inspection performance, SASE/SD-WAN validation, Zero trust policy testing",Data-driven security vendor selection and confident platform deployment with validated performance.
,26a07ab2-c582-448c-8f24-39c80c8d4226,203,Core,Enterprise,IxChariot,"Hybrid workforce application quality of experience — Teams, SaaS, UC","SaaS migration, UC platform rollout, branch refresh, remote work expansion",Enterprise IT teams supporting hybrid workforces lack clear visibility into whether the network or application is causing performance issues for business-critical tools.,"IxChariot emulates Teams, Zoom, Salesforce, and other business applications, measuring end-to-end QoE and isolating network-layer root causes across all workforce scenarios.","Business app emulation, End-to-end QoE measurement, Wireless performance testing, Multi-site analysis",Improved workforce productivity and faster root-cause resolution for application performance issues.
,d673c523-2e6d-43e6-9c6d-0651e1d7bec0,204,Core,Enterprise,"KAI Data Center Builder, AresONE",Enterprise AI infrastructure — GPU cluster fabric validation,"Enterprise AI deployment, GPU cluster purchase, AI center of excellence buildout",Enterprises deploying AI training or inference infrastructure face congestion risk and uncertainty about whether the network can sustain GPU-driven traffic patterns at scale.,"KAI Data Center Builder emulates realistic AI workload patterns using the KAI Workload Library, validating fabric performance before expensive GPU deployment begins.","AI workload library emulation, Collective comms testing, RDMA congestion validation, Fabric benchmarking",Reduced enterprise AI deployment risk and accelerated time to production for AI workloads.
,c3a07552-5973-4a55-88f5-f755de090cb4,205,Core,Enterprise,Threat Simulator,Enterprise security control effectiveness and SOC validation,"SOC modernization, security tool consolidation, executive risk review",Enterprise security teams need continuous assurance that their security stack is effective against current threats without disrupting business operations.,"Threat Simulator safely exercises security controls against 50,000+ real-world TTPs on live enterprise networks, providing gap analysis and vendor-specific remediation guidance.","Safe live BAS, Security gap analysis, SIEM integration, Vendor-specific remediation",Maximized ROI on security investments with measurable and reportable security posture improvement.
,7942410d-93a2-4a63-bd58-6bfc96c4e9a2,206,Core,Enterprise,Network Emulator,SD-WAN and branch office network validation before enterprise-wide rollout,"SD-WAN migration, WAN optimization initiative, branch network refresh","Enterprises adopting SD-WAN must validate failover, QoS, and application behavior across diverse WAN conditions before deploying to hundreds of branch sites.","Network Emulator recreates diverse WAN impairments to validate SD-WAN performance, failover logic, and application QoE across all branch connectivity scenarios.","WAN condition emulation, SD-WAN failover testing, QoS policy validation, Multi-path testing",Confident SD-WAN rollout with predictable application performance across all enterprise locations.
,32a62c58-baf4-4742-97f0-eadd14a400e1,207,Core,Enterprise,"CloudStorm, IxLoad",SaaS and cloud platform performance testing at enterprise scale,"Cloud migration, SaaS platform launch, digital transformation initiative",Enterprises migrating to cloud-native SaaS must validate application performance under realistic enterprise-scale user loads before production cutover.,CloudStorm and IxLoad simulate large enterprise user populations executing realistic application workflows to validate cloud platform performance and capacity.,"Enterprise-scale user simulation, Application transaction modeling, Cloud platform load testing, ADC/CDN validation",Confident cloud platform launch with validated capacity and performance for enterprise user populations.
,92e348ea-f551-48c5-a7dd-ed7af674ea09,301,Core,Financial,"CloudStorm, IxLoad",Digital banking platform peak load testing and capacity validation,"Digital banking launch, mobile banking growth, payment platform upgrade",Financial institutions operating digital banking and payment platforms face unpredictable traffic spikes that can cause outages during high-value customer moments.,CloudStorm and IxLoad simulate millions of concurrent banking users executing realistic transaction flows to validate platform capacity and identify bottlenecks.,"Millions of concurrent users, Banking transaction emulation, Peak load simulation, Infrastructure bottleneck identification",Reduced risk of customer-impacting outages during peak banking events.
,9b2e44a8-3dfd-4918-8ec9-f183615b9212,302,Core,Financial,"PerfectStorm, BreakingPoint",TLS inspection and encrypted traffic security performance validation,"Firewall upgrade, TLS inspection deployment, encryption compliance mandate",Banks deploying TLS inspection and modern security architectures must validate that encryption processing does not introduce unacceptable latency or throughput degradation.,PerfectStorm and BreakingPoint simulate high-volume encrypted banking traffic with simultaneous attack scenarios to validate security performance under real financial workloads.,"TLS 1.3 performance testing, Encrypted traffic simulation, Security latency benchmarking, Mixed workload testing",Deployment confidence for TLS inspection with validated performance within acceptable latency bounds.
,368b2365-0141-4a70-8fd4-061954f2c798,303,Core,Financial,BreakingPoint,DDoS resilience and attack simulation for banking infrastructure,"DDoS protection refresh, regulatory resilience requirement, SOC validation",Financial institutions are prime DDoS targets. Security infrastructure must be validated against modern multi-vector attacks before incidents impact customer operations.,"BreakingPoint simulates sophisticated volumetric, protocol, and application-layer DDoS attacks at hyperscale, validating mitigation platform effectiveness and failover.","Multi-vector DDoS simulation, Application-layer attack testing, Mitigation platform validation, Resilience scoring",Validated DDoS resilience with documented test evidence for regulatory examinations.
,12a4ac25-4561-452e-8a66-d588a49dc913,304,Core,Financial,"Novus, IxNetwork",Ultra-low latency trading network validation — sub-microsecond performance,"Trading system upgrade, exchange connectivity, new venue onboarding",Trading environments require deterministic sub-microsecond latency. Microbursts and congestion directly impact execution timing and trading revenue.,Novus generates traffic with 2.5ns latency resolution and microburst patterns to validate trading network determinism and benchmark performance against SLAs.,"Sub-microsecond latency measurement, Microburst simulation, Line-rate traffic generation, Determinism validation",Validated trading network performance with quantified latency characteristics for SLA compliance.
,7dac3740-304c-4f96-a696-8b42766d34fa,305,Core,Financial,CyPerf,Open banking API security and cloud-native fintech validation,"Open banking initiative, PSD2 compliance, cloud-native fintech launch","Financial institutions offering open banking APIs must validate API security, performance, and scalability under realistic developer and partner traffic loads.",CyPerf validates cloud-native API security and performance using realistic application traffic across distributed and hybrid financial service environments.,"API security testing, Cloud-native validation, SASE/zero trust policy testing, Performance under attack",Secure open banking platform with regulatory compliance confidence and validated API performance.
,09aeb8ae-61f5-4fce-9c60-8f46864fecfa,306,Core,Financial,Threat Simulator,PCI-DSS continuous threat simulation and compliance validation,"PCI-DSS audit cycle, annual security assessment, breach prevention initiative",Financial institutions must continuously demonstrate security control effectiveness against payment-specific threats and produce evidence for PCI-DSS and SOX audits.,"Threat Simulator runs continuous breach simulations mapped to payment sector threat frameworks, generating compliance-ready test evidence and remediation guidance.","PCI-DSS-aligned simulation, Financial sector TTPs, Real-time SIEM correlation, Audit-ready reporting",Continuous PCI-DSS compliance assurance with measurably reduced breach risk.
,21b3af15-d550-4bc2-9daa-c31fff691e39,401,Core,Service Provider,"IxNetwork, AresONE, Novus",Core backbone modernization — 400G/800G routing scale and stability,"Core router refresh, backbone upgrade, 400G/800G network build","Service Providers upgrading backbone infrastructure must validate routing scale, BGP convergence, and traffic distribution at millions of route scale before deployment.",IxNetwork and AresONE emulate millions of BGP routes and high-density traffic to validate backbone stability and convergence times across diverse failure scenarios.,"Million-route BGP emulation, BGP convergence testing, Traffic distribution validation, Failover and recovery testing",Reduced backbone outage risk and confident deployment of 400G/800G core infrastructure.
,930e968b-6726-4c99-9d42-fb3a9fbfb666,402,Core,Service Provider,"IxLoad, IxNetwork",5G core scalability — subscriber growth and control-plane validation,"5G network launch, 5G core upgrade, subscriber base growth milestone",5G introduces massive subscriber scale and control-plane signaling growth that can overwhelm core network elements and impact subscriber quality of experience.,"Keysight emulates millions of 5G subscribers and validates AMF, UPF, and SMF performance under peak load conditions, including handover and mobility scenarios.","5G subscriber emulation, Control plane scale testing, UPF user plane validation, Mobility and handover testing",Reliable 5G core launch with validated subscriber capacity and quality of experience.
,549498ab-cdc2-4f3e-893b-318df568ce2b,403,Core,Service Provider,"BreakingPoint, CyPerf",DDoS mitigation platform validation for service provider infrastructure,"DDoS protection platform refresh, scrubbing center buildout, new security service",Service providers face volumetric DDoS attacks that threaten customer services and revenue. Scrubbing and mitigation platforms must be validated at carrier scale.,"BreakingPoint and CyPerf simulate multi-Tbps DDoS scenarios and validate scrubbing center effectiveness, ensuring customer services are protected at carrier scale.","Carrier-scale DDoS simulation, Scrubbing center validation, Attack traffic realism, Customer SLA protection testing",Validated DDoS scrubbing capacity with confidence in protecting customer services at scale.
,6451ada9-e77b-4a36-894c-f101c2b86ce6,404,Core,Service Provider,Network Emulator,Edge cloud and MEC application validation for distributed service delivery,"MEC deployment, edge cloud launch, distributed service expansion","As providers extend services to the network edge, diverse and variable network conditions make pre-deployment validation of application and service behavior complex.","Network Emulator recreates WAN impairments, inter-site conditions, and edge connectivity scenarios to validate application behavior in distributed edge deployments.","Edge topology emulation, MEC application testing, WAN impairment modeling, Cloud interconnect testing",Faster edge service launch with validated application performance across all connectivity scenarios.
,a5d65150-acbe-4ce2-9e77-a569b58920f6,405,Core,Service Provider,"KAI Data Center Builder, AresONE",AI-as-a-Service network infrastructure validation before customer launch,"AIaaS product launch, GPU-as-a-Service offering, AI cloud buildout",Service Providers offering GPU and AI cloud services must validate that their network infrastructure can handle GPU collective communication patterns at the scale customers will require.,KAI Data Center Builder validates AI traffic patterns and RDMA performance using AresONE appliances before onboarding first AI cloud customers.,"AI workload emulation, RDMA/RoCEv2 validation, Collective comms benchmarking, Congestion control testing",AI cloud service launch with validated network infrastructure performance and customer SLA confidence.
,66bb550f-4c8f-4bed-888d-c2ad73a99df3,501,Core,Hyperscaler,"AresONE, INPT-1600GE",800GE/1600GE AI and data center fabric silicon qualification,"Next-gen switch/silicon release, 800G/1.6T deployment, AI cluster expansion","Hyperscalers deploying next-generation 800GE and 1600GE infrastructure need to validate silicon, switch ASICs, and optical transceivers at extreme speeds and densities.","AresONE 800GE and INPT-1600GE provide the highest-density PAM4 traffic generation for L1-3 silicon and fabric validation, supporting RoCEv2, RDMA, and full line-rate stress testing.","800GE/1600GE traffic generation, PAM4 L1 validation, Silicon-level ASIC testing, Optical transceiver qualification",Qualified next-gen silicon and infrastructure ready for hyperscale production deployment.
,0e798339-008b-4f92-a93e-ad63940d2e1e,502,Core,Hyperscaler,"KAI Data Center Builder, AresONE",GPU cluster RDMA fabric benchmarking and optimization at exascale,"New GPU cluster generation, AI training infrastructure buildout, RDMA upgrade",Hyperscalers building GPU-dense clusters need to benchmark and optimize RDMA/RoCEv2 network fabric performance without requiring actual GPU workloads during pre-deployment validation.,KAI Data Center Builder emulates realistic AI collective communication patterns from the KAI Workload Library using AresONE 400G/800G appliances at full cluster scale.,"AI workload library access, 800GE AI host emulation, Collective comms benchmarking, Congestion control optimization",Optimized GPU fabric configuration with validated performance before billion-dollar GPU deployment.
,28f9ae02-c153-4ce3-8dfb-339583a55538,503,Core,Hyperscaler,"BreakingPoint, APS-100/400GE",Hyperscale DDoS mitigation and security platform validation at 3.2 Tbps,"NGFW/DDoS platform scaling, new cloud region launch, security platform release",Hyperscalers deploying cloud-scale security platforms must validate them against multi-terabit attack scenarios that reflect real-world volumetric and application-layer threats.,"BreakingPoint on APS-M8400 generates up to 3.2 Tbps of L4-7 attack traffic with 56M CPS and realistic TLS, validating platform response at hyperscale.","3.2 Tbps L4-7 attack traffic, 56M connections per second, Multi-vector DDoS and TLS, 400GE physical interfaces",Validated hyperscale security platform with confidence in protection capacity against the largest recorded attacks.
,03ecf74b-9091-4fc4-be79-52c79fe04c51,504,Core,Hyperscaler,CyPerf,Cloud-native security and distributed application validation in CI/CD,"New cloud service launch, security platform update, CI/CD pipeline integration",Hyperscalers must continuously validate security and performance of cloud-native services across thousands of deployments in fast-moving CI/CD environments.,"CyPerf deploys lightweight containerized test agents across any cloud environment to validate security and performance in both pre- and post-deployment scenarios, integrating with CI/CD pipelines.","Containerized test agents, CI/CD pipeline integration, Zero trust policy validation, Cloud-native performance testing",Continuous security and performance assurance embedded in the hyperscaler development lifecycle.
,bdfe21a6-ed78-4a82-9072-9acf2faf2a5a,505,Core,Hyperscaler,"IxLoad, CloudStorm",CDN and ADC performance validation under billions of concurrent connections,"CDN capacity expansion, HTTP/3 rollout, TLS performance optimization","Hyperscalers operating global CDNs must validate HTTP, HTTPS, and video streaming performance under billions of concurrent connections across distributed PoPs.",IxLoad and CloudStorm deliver multi-terabit HTTP/TLS throughput at millions of CPS to validate CDN and ADC performance under realistic global traffic distributions.,"Multi-terabit application throughput, Billions of concurrent connections, HTTP/3 and QUIC validation, Video streaming QoE testing",Optimized global CDN capacity with confidence in handling peak traffic events at scale.
,16df4fc8-8be8-44bb-bbce-166848128ad1,601,Tier-2,Healthcare,CyPerf,HIPAA-compliant zero trust security validation for clinical networks,"ZTA rollout, HIPAA security risk assessment, cloud EHR migration",Healthcare organizations adopting zero trust must validate that security controls protect patient data without degrading the performance of clinical systems that support direct patient care.,"CyPerf validates zero trust policies using realistic clinical application traffic, confirming HIPAA security control effectiveness without disrupting care delivery workflows.","Zero trust policy validation, HIPAA-aligned security testing, Clinical app traffic emulation, Cloud security validation",HIPAA-compliant zero trust deployment with no degradation to clinical application performance.
,fba2a255-0077-4550-81c8-60a5be5a35dc,602,Tier-2,Healthcare,BreakingPoint,Medical network ransomware resilience and attack simulation,"Ransomware prevention initiative, cyber insurance requirement, post-incident hardening",Healthcare organizations face a surge in ransomware targeting medical networks. Security infrastructure must be resilient to healthcare-specific attack vectors without disrupting clinical operations.,BreakingPoint simulates ransomware propagation patterns and healthcare-targeted attacks in an isolated lab environment to validate detection and containment capability.,"Ransomware behavior simulation, Healthcare-targeted attack scenarios, Security resilience testing, Non-disruptive lab validation",Hardened medical network with validated ransomware detection and containment capability.
,84715696-5277-45f2-9fa0-779ee592a9bb,603,Tier-2,Healthcare,IxChariot,EHR and clinical application performance across distributed health systems,"EHR migration, health system merger, cloud EHR adoption, care team complaints","Health systems relying on cloud EHR platforms must ensure consistent performance for clinicians across hospital sites, outpatient clinics, and telehealth settings.","IxChariot emulates clinical application behavior including EHR, PACS, and collaboration tools, measuring end-to-end performance and identifying network-layer bottlenecks.","EHR/PACS app emulation, Clinical Wi-Fi performance testing, End-to-end QoE measurement, Multi-site performance analysis",Consistent EHR and clinical application performance supporting quality care delivery across all settings.
,fea40534-fbb6-4063-a666-89af27300a90,604,Tier-2,Healthcare,IoT Security Assessment,Medical IoT and connected device security validation — FDA guidance alignment,"FDA cybersecurity guidance compliance, new medical device deployment, IoT audit",Healthcare organizations deploying connected medical devices must validate device security before connecting them to clinical networks and patient care systems.,"IoT Security Assessment automatically discovers vulnerabilities, performs protocol fuzzing, and generates SBOMs for connected medical devices without requiring source code access.","Medical device vulnerability scanning, Protocol fuzzing, FDA-aligned SBOM generation, CVE monitoring for deployed devices",Validated medical device security posture aligned with FDA guidance before network deployment.
,5470d50d-2aa1-4d8d-85c0-f326950ab4d0,605,Tier-2,Healthcare,Network Emulator,Telehealth application quality validation across diverse connectivity,"Telehealth platform expansion, rural health initiative, RPM program launch","Health systems extending telehealth and remote patient monitoring must validate clinical application performance across rural and consumer internet connectivity, which may be highly variable.","Network Emulator recreates rural broadband, consumer internet, and cellular conditions to validate telehealth application performance and video quality under degraded connectivity.","Rural WAN condition emulation, Video QoE testing for telehealth, Packet loss and jitter simulation, RPM device communication testing","Reliable telehealth delivery across all network conditions, supporting equitable care access."
,1d3f4963-c0e5-40c5-a39b-5f37d94471e5,606,Tier-2,Healthcare,SBOM Manager,Medical device software supply chain security and FDA SBOM compliance,"FDA SBOM mandate, software supply chain audit, medical device procurement","Healthcare organizations must now manage SBOMs for all FDA-regulated devices, tracking software components and newly disclosed CVEs across the entire installed device fleet.","SBOM Manager extracts and validates SBOMs from medical device firmware and software, continuously monitoring for CVEs and generating compliance-ready documentation.","Firmware-level SBOM extraction, CVE continuous monitoring, FDA compliance documentation, Third-party component risk tracking",Continuous medical device supply chain visibility with automated FDA SBOM compliance.
,837f154f-9a59-412d-9a14-4f59a5cfb7c9,701,Tier-2,Manufacturing,Network Emulator,OT/IT convergence — industrial network validation before production cutover,"Smart factory initiative, OT network modernization, Industry 4.0 program",Manufacturers converging OT and IT networks must validate that industrial control systems and SCADA applications behave correctly under converged network conditions without halting production.,Network Emulator recreates industrial WAN and factory floor network conditions to validate OT application behavior in a safe lab environment before production cutover.,"OT/IT convergence simulation, Industrial protocol testing, SCADA communication validation, Production-safe pre-deployment testing",Safe OT/IT convergence with validated control system performance and no production disruption.
,5b6e5202-bd1d-4d58-aab9-0b656689cc75,702,Tier-2,Manufacturing,IxNetwork,Time-Sensitive Networking (TSN) validation for precision industrial automation,"TSN deployment, automotive Ethernet program, precision manufacturing initiative",Manufacturers adopting TSN for robotics and CNC must validate deterministic latency and IEEE 802.1 protocol compliance across multi-vendor industrial ethernet equipment.,IxNetwork validates TSN protocol conformance and deterministic latency with automated Avnu certification testing via Keysight Network Conformance (KNC).,"IEEE 802.1 TSN conformance, Deterministic latency validation, Avnu certification testing, Multi-vendor interoperability",Certified TSN deployment with validated deterministic performance for precision manufacturing operations.
,d4f7a489-860c-49d9-a39d-616afcb16cb2,703,Tier-2,Manufacturing,"BreakingPoint, CyPerf",OT/SCADA attack simulation and industrial security posture validation,"ICS security assessment, ransomware prevention, OT security program launch",Manufacturers must protect OT/SCADA systems from cyberattacks without disrupting industrial operations. Security gaps in OT networks can halt production lines and cause safety incidents.,"BreakingPoint simulates ICS-targeted attack scenarios in an isolated lab environment, validating OT security controls and incident response without touching production equipment.","OT/ICS attack simulation, SCADA security control testing, IT/OT boundary validation, Incident response readiness testing",Validated OT security posture with confidence that cyberattacks will be detected and contained before production impact.
,07f31a72-7044-466c-980c-809b5415ff6b,704,Tier-2,Manufacturing,IoT Security Assessment,Smart factory IoT device security assessment before production deployment,"Smart factory IoT rollout, OT device procurement, connected device security audit","Manufacturers deploying smart factory sensors, PLCs, and industrial robots must validate device security before connecting them to factory networks and cloud platforms.",IoT Security Assessment performs automated vulnerability assessment including protocol fuzzing and SBOM generation for industrial IoT devices without requiring source code.,"Industrial IoT vulnerability scanning, OT device protocol fuzzing, SBOM generation for IIoT, Automated CVE identification",Secure smart factory deployment with every device security-validated before network connection.
,98f38457-0227-4889-9ebb-1b9401207649,705,Tier-2,Manufacturing,IxChariot,Factory floor and ERP application performance across global manufacturing sites,"ERP upgrade, MES deployment, factory digitization, global network refresh","Manufacturers digitizing factory operations need to ensure ERP, MES, and production monitoring applications perform reliably across all factory environments globally.","IxChariot emulates manufacturing application behavior and measures end-to-end performance across factory floor networks, Wi-Fi environments, and WAN connections.","Manufacturing app emulation, Factory Wi-Fi performance testing, QoE measurement and reporting, Global multi-site comparison","Reliable ERP and MES performance across all manufacturing sites, supporting operational efficiency and OEE."
,5ef4519a-275c-4162-9823-907fc0f0ee1a,801,Tier-2,Retail,"IxLoad, CloudStorm",E-commerce platform performance during peak shopping events,"Holiday season preparation, major sale event, platform re-platform, cloud migration",Retailers operating e-commerce platforms face revenue-impacting outages during Black Friday and flash sales. Platform performance under peak load must be validated before every major event.,"IxLoad and CloudStorm simulate millions of concurrent shoppers executing realistic cart, checkout, and browsing transactions to validate platform performance under extreme peak loads.","Millions of concurrent shoppers, Realistic e-commerce transaction flows, Peak load stress testing, Infrastructure bottleneck identification",Confident e-commerce platform performance during peak events with reduced risk of revenue-impacting outages.
,cd9bd09f-7054-4f8c-a859-807678f246f8,802,Tier-2,Retail,"BreakingPoint, CyPerf",PCI-DSS payment security validation and cardholder data protection,"PCI-DSS audit cycle, payment platform upgrade, card-not-present fraud increase",Retailers processing card payments must validate that security controls protecting cardholder data perform correctly under realistic transaction loads and attack conditions.,"BreakingPoint validates payment platform security under mixed legitimate traffic and attack conditions, providing PCI-DSS-aligned test evidence for compliance audits.","PCI-DSS aligned security testing, Payment platform attack simulation, Mixed traffic validation, Compliance evidence generation",PCI-DSS compliance confidence with validated payment platform security and audit-ready documentation.
,943874c7-9915-4ba6-989c-bea49c485506,803,Tier-2,Retail,Network Emulator,SD-WAN and distributed store network validation for retail chains,"SD-WAN rollout across store fleet, store network refresh, WAN optimization","Retail chains with hundreds of stores must validate that SD-WAN delivers reliable POS, inventory, and digital signage performance across diverse store connectivity scenarios.","Network Emulator recreates diverse store connectivity conditions to validate SD-WAN failover, application prioritization, and performance before fleet-wide rollout.","Store WAN condition simulation, SD-WAN failover validation, POS application performance testing, Multi-store scenario testing",Reliable retail operations across all locations with validated SD-WAN performance before mass deployment.
,02dd3953-3496-46ae-a10f-1ce1d6ed5294,804,Tier-2,Retail,IxChariot,In-store Wi-Fi and mobile associate application performance,"BOPIS rollout, mobile POS deployment, in-store associate app launch, Wi-Fi upgrade","Modern retailers deploying mobile POS, digital shelf labels, and BOPIS require reliable Wi-Fi performance for associate and customer applications across diverse store layouts.","IxChariot tests in-store Wi-Fi performance for retail applications including mobile POS, inventory, and clienteling under realistic store traffic and interference conditions.","Retail Wi-Fi performance testing, Mobile POS and BOPIS app testing, In-store application QoE, Customer-facing performance validation",Consistent in-store experience for associates and customers with validated Wi-Fi performance at scale.
,0aaba647-9522-4dd6-bf72-5e921a18f7c7,805,Tier-2,Retail,Threat Simulator,Retail cybersecurity posture validation and loyalty platform protection,"Security breach in retail sector, loyalty platform launch, annual risk assessment",Retailers managing loyalty programs and customer PII face increasing cyberattacks. Security teams need continuous validation without disrupting retail operations.,"Threat Simulator safely simulates retail-targeted attacks on live networks, validating security control effectiveness and identifying gaps in loyalty, POS, and e-commerce protection.","Retail-targeted attack simulation, Safe live network BAS, Security gap identification, Remediation prioritization",Improved retail cybersecurity posture with continuous validation of customer data protection investments.
,afa86251-d143-4aef-bf33-b994bd7061f6,901,Tier-2,Technology Companies,"CyPerf, BreakingPoint",Product security testing integrated into DevSecOps CI/CD pipelines,"DevSecOps initiative, security certification, secure SDLC program launch","Technology companies must validate that network products and software meet security requirements before release, integrating testing into rapid agile development cycles.","CyPerf and BreakingPoint integrate with Jenkins, GitLab, and CI/CD pipelines to automatically validate security and performance with each build, catching issues pre-release.","CI/CD pipeline integration, Automated security regression testing, API-driven test orchestration, Shift-left security validation","Faster, more secure product delivery with security issues identified and resolved early in development."
,7b343663-3706-4107-bf47-035d1bd5bf66,902,Tier-2,Technology Companies,"IxLoad, IxNetwork",Network equipment and silicon performance validation for product launch,"New product release, ASIC development milestone, NE/silicon launch","Technology companies building network equipment and silicon must validate throughput, latency, and scale performance against RFC benchmarks before market launch.",IxLoad and IxNetwork provide RFC-compliant benchmarking and full line-rate L2-7 traffic generation to validate NE and silicon performance for product qualification.,"RFC benchmark testing, Full line-rate validation, ASIC and silicon performance testing, L2-7 comprehensive testing","Products ship with independently validated performance benchmarks, accelerating customer acceptance and sales cycles."
,fea074f6-51cc-47dc-bb8d-52488ce3abdc,903,Tier-2,Technology Companies,SBOM Manager,Software supply chain security and product SBOM compliance,"US EO 14028 SBOM requirement, enterprise customer SBOM request, open source audit","Technology companies shipping software products must now generate and manage SBOMs for all products, tracking components and vulnerabilities across every product version.","SBOM Manager automatically extracts SBOMs from software binaries and firmware at build time, continuously monitors for new CVEs, and integrates with existing vulnerability management.","Automated binary SBOM extraction, CVE continuous monitoring, CI/CD SBOM integration, Customer-ready SBOM delivery",Automated product SBOM compliance with continuous visibility into software supply chain risk across product lines.
,917e2868-21d8-48d8-9275-9fe1348bf5c9,904,Tier-2,Technology Companies,"KAI Data Center Builder, AresONE",AI product development infrastructure validation and GPU fabric benchmarking,"AI product launch, ML training cluster buildout, AI chip validation program","Technology companies building AI products need validated network infrastructure for their AI development, training, and inference operations before committing to major CapEx.",KAI Data Center Builder benchmarks AI fabric performance using realistic workload traces from the KAI Workload Library without requiring full GPU cluster deployment.,"AI workload library-based testing, Fabric performance benchmarking, Pre-deployment ROI validation, RDMA traffic analysis",Optimized AI development infrastructure with validated performance before large capital commitment.
,26c458a8-103f-4d95-b320-64417eda4680,905,Tier-2,Technology Companies,IxANVL,Network protocol RFC conformance and standards compliance validation,"Protocol certification requirement, standards compliance, RFC validation milestone",Technology companies building networking products must validate that protocol implementations are RFC-compliant and interoperate correctly with industry standards across vendors.,"IxANVL provides comprehensive automated protocol conformance testing, emulating large multi-node networks to verify RFC/standard compliance without requiring physical hardware at scale.","RFC conformance test suites, Multi-node protocol emulation, Linux/Windows lightweight deployment, Protocol stack compliance verification","RFC-compliant products with validated interoperability, accelerating customer acceptance and standards certification."
,96705524-5405-458f-b0d6-99fcd8f40770,906,Tier-2,Technology Companies,KENG,Cloud-native and containerized network infrastructure validation with open APIs,"DevOps/NetOps modernization, open-source test initiative, CI/CD network testing program","Technology companies building modern software-defined networking products need automated, open-API-based validation that integrates with containerized development workflows and CI/CD pipelines.","Keysight Elastic Network Generator (KENG) delivers containerized L1-3 traffic generation and protocol emulation based on the open Open Traffic Generator (OTG) API, enabling scripted automated validation in any cloud or container environment.","Open Traffic Generator (OTG) API, Container/microservices architecture, DPDK-accelerated traffic generation, snappi/gosnappi scripting support, CI/CD pipeline integration","Automated, repeatable network validation embedded in modern development workflows with open-source flexibility."
,dec37ae1-b078-4dd1-8618-74f727fcbe3f,1001,Tier-2,Energy,Network Emulator,Power grid OT/IT convergence — SCADA network validation,"Grid modernization program, OT/IT convergence initiative, SCADA WAN upgrade",Energy utilities converging OT and IT networks must validate that grid control system communications remain deterministic and reliable across the new converged network.,Network Emulator recreates power grid communication paths including SCADA circuits and substation WAN links to validate control application behavior before convergence.,"SCADA communication path emulation, Grid control app validation, OT/IT boundary testing, Deterministic timing testing",Safe grid OT/IT convergence with validated SCADA communication performance and no production risk.
,bee00c86-3c68-433f-b678-e1335c24dabf,1002,Tier-2,Energy,"CyPerf, BreakingPoint",NERC CIP compliance and critical infrastructure security validation,"NERC CIP audit deadline, energy sector threat escalation, grid security incident",Electric utilities subject to NERC CIP must validate security controls protecting bulk electric systems and demonstrate compliance without disrupting power generation.,"CyPerf validates security policies in isolated environments mapped to NERC CIP requirements, generating compliance evidence without touching operational generation systems.","NERC CIP-aligned testing, Isolated OT security validation, Compliance evidence generation, Critical infrastructure threat simulation",NERC CIP audit compliance evidence with validated critical infrastructure security posture.
,0eb15782-bbe0-44f5-b1c2-a026d053b5c6,1003,Tier-2,Energy,IxNetwork,IEC 61850 substation automation and digital grid protocol validation,"Digital substation deployment, smart grid program, IEC 61850 migration","Energy companies deploying digital substations must validate GOOSE, Sampled Values, and MMS protocol performance across multi-vendor substation automation equipment.","IxNetwork validates IEC 61850 protocol conformance and timing performance for digital substations, ensuring interoperability between protection and automation devices.","IEC 61850 GOOSE/SV validation, Digital substation conformance testing, Multi-vendor interoperability, Protection relay timing testing",Validated digital substation deployment with confirmed IEC 61850 interoperability and protection system performance.
,9831e2eb-f3dd-4a68-a9e1-582fb1536488,1004,Tier-2,Energy,IoT Security Assessment,Smart meter and grid-edge AMI device security validation,"AMI deployment program, smart meter rollout, grid-edge device audit",Energy utilities deploying millions of smart meters must validate device security before network-scale rollout to prevent large-scale AMI attacks impacting grid operations.,"IoT Security Assessment performs automated vulnerability assessment and protocol fuzzing on smart meters and grid-edge devices, identifying security gaps before AMI deployment.","Smart meter security assessment, AMI device protocol fuzzing, SBOM generation for grid devices, Grid-edge vulnerability identification",Secure AMI deployment at scale with every smart meter security-validated before network connection.
,d90fa4be-7ae6-4935-b2ec-a102b86bb069,1101,Strategic,AI Infrastructure Providers,"KAI Data Center Builder, AresONE",GPU cluster RDMA fabric benchmarking and collective communications optimization,"New AI cluster generation, RDMA fabric upgrade, AI infra product launch",AI infrastructure providers building GPU-dense clusters need to benchmark and optimize RDMA/RoCEv2 fabric performance without deploying real GPUs during pre-deployment validation.,KAI Data Center Builder uses AresONE 800GE appliances to emulate realistic AI collective communications from the KAI Workload Library at full cluster scale.,"800GE AI host emulation, KAI Workload Library access, Collective comms benchmarking, Congestion control optimization, Job completion time analysis",Optimized AI cluster fabric performance with data-driven configuration decisions before GPU deployment.
,0ef9903d-5d25-42aa-8efb-5584cacca2e5,1102,Strategic,AI Infrastructure Providers,"IxNetwork, AresONE","AI fabric routing, ECMP, and load balancing validation at cluster scale","AI fabric architecture decision, switch vendor evaluation, new cluster topology","AI infrastructure providers selecting fabric topologies and switch vendors need to validate routing scale, ECMP fairness, and congestion control at full cluster scale.","IxNetwork and AresONE emulate AI cluster traffic patterns to validate routing scale, ECMP behavior, and congestion control across different fabric architectures.","AI traffic pattern emulation, ECMP fairness validation, Routing scale testing, Multi-path congestion analysis, Switch vendor benchmarking",Data-driven fabric architecture decision with validated performance at target cluster scale.
,c637b922-8307-4eb7-a2d7-bec834cdf022,1103,Strategic,AI Infrastructure Providers,"INPT-1600GE, AresONE",800GE/1600GE AI switch silicon and optical transceiver qualification,"Next-gen switch ASIC release, 800G/1.6T optics qualification, silicon tapeout",AI infrastructure silicon and component vendors need to validate chips and optical transceivers at 800GE and beyond before production release to hyperscale customers.,"INPT-1600GE provides comprehensive PAM4 L1-3 validation from BERT to IP at 1600GE, with AresONE delivering large-scale L2-3 protocol and performance validation.","1600GE PAM4 signal testing, Silicon-level L1 validation, Optical transceiver qualification, L2-3 scale performance testing",Qualified AI infrastructure silicon and components with independently validated performance for hyperscale customers.
,244adb02-c3e8-44ed-8d8e-510d9abca7cf,1104,Strategic,AI Infrastructure Providers,"BreakingPoint, CyPerf",AI platform multi-tenant security and model IP protection validation,"AI platform productization, enterprise security review, model leakage concern",AI infrastructure providers offering GPU-as-a-Service must validate security isolation between tenants and protect AI model intellectual property from network-based attacks.,"BreakingPoint and CyPerf validate network isolation, API security, and tenant separation across AI platform infrastructure, testing protection against model extraction attack vectors.","Multi-tenant isolation testing, AI platform attack simulation, API security validation, Network policy enforcement testing",Secure AI platform with validated tenant isolation and model IP protection for enterprise AI customers.
,c00f5c58-118f-4ccf-b338-dc0de03034bf,1201,Strategic,Colocation / Data Centers,"IxNetwork, AresONE",Multi-tenant colo fabric — traffic isolation and performance SLA validation,"New data center build, fabric upgrade, major tenant onboarding, SLA commitment",Colocation providers must validate that their network fabric delivers consistent performance and strict traffic isolation between tenants before committing to customer SLAs.,"IxNetwork and AresONE validate multi-tenant traffic isolation, routing consistency, and fabric performance under realistic mixed-tenant workloads at production scale.","Multi-tenant traffic simulation, Network isolation validation, Fabric performance benchmarking, SLA-aligned testing methodology",Colo fabric validated for customer SLA commitments with documented multi-tenant performance evidence.
,75e46393-525c-4d67-b413-22d2b7284654,1202,Strategic,Colocation / Data Centers,"BreakingPoint, CyPerf",Managed security services and MSSP customer SLA validation,"Managed security service launch, MSSP expansion, new enterprise customer SLA",Colo providers offering managed security services must validate that security platforms deliver contracted protection levels across diverse customer tenant workloads.,"BreakingPoint and CyPerf validate NGFW, DDoS mitigation, and WAF performance under mixed customer traffic and real attack conditions, providing SLA-aligned performance evidence.","NGFW/WAF performance benchmarking, DDoS mitigation capacity testing, Mixed customer traffic simulation, SLA threshold validation",Validated managed security service performance with documented evidence supporting customer SLA commitments.
,9166a88b-1a9c-49b7-84ce-2aafd8a88479,1203,Strategic,Colocation / Data Centers,"KAI Data Center Builder, AresONE",AI-ready colo infrastructure validation — GPU rack readiness certification,"AI-ready colo product launch, hyperscaler prospect requirement, GPU rack offering",Colocation providers launching AI-ready infrastructure offerings must validate that 400G/800G networking meets the demanding requirements of GPU-dense AI workloads.,KAI Data Center Builder validates AI workload network performance using AresONE appliances to confirm AI readiness and generate customer-facing validation evidence.,"AI workload network validation, GPU rack readiness testing, 400G/800G fabric benchmarking, RoCEv2 performance certification",AI-ready colo product with independently validated performance evidence for hyperscaler and enterprise AI customers.
,635866f4-6db7-4d72-baa8-e79d1afc2016,1204,Strategic,Colocation / Data Centers,"CloudStorm, AresONE",400G/800G colo fabric and cross-connect performance validation,"400G/800G fabric upgrade, new colo facility buildout, interconnect expansion","Colocation providers upgrading to 400G/800G must validate fabric performance, cross-connect latency, and interconnect throughput before accepting customer connectivity.","CloudStorm and AresONE validate 400G/800G fabric and cross-connect performance at scale, testing ECMP, latency, and throughput under production-like conditions.","400G/800G fabric benchmarking, Cross-connect latency validation, ECMP behavior testing, Interconnect throughput verification",400G/800G colo fabric validated for customer connectivity with proven performance data.
,3b5b2c75-7c5a-4cee-8df8-7871b2184c58,1205,Strategic,Colocation / Data Centers,Network Emulator,Diverse customer WAN connectivity demonstration and SLA validation,"New connectivity product launch, customer WAN SLA requirement, interconnect demo","Colo providers need to validate and demonstrate application performance across MPLS, SD-WAN, dark fiber, and direct cloud connectivity options they offer to customers.",Network Emulator recreates diverse WAN connectivity conditions to validate and demonstrate application performance across all connectivity options available at the colo facility.,"WAN condition emulation, Multi-connectivity-type testing, Application SLA validation, Customer proof-of-concept support",Demonstrated multi-connectivity application performance supporting customer due diligence and connectivity purchasing decisions.
,c4ea5ca7-5400-46d2-888c-ace8b17401f7,,,,,,,,,,
